"행정구역","2026년06월_계_총인구수","2026년06월_계_연령구간인구수","2026년06월_계_1세","2026년06월_계_2세","2026년06월_계_3세","2026년06월_계_4세","2026년06월_계_5세","2026년06월_계_6세","2026년06월_계_7세","2026년06월_계_8세","2026년06월_계_9세","2026년06월_계_10세","2026년06월_계_11세","2026년06월_계_12세","2026년06월_계_13세","2026년06월_계_14세","2026년06월_계_15세","2026년06월_계_16세","2026년06월_계_17세","2026년06월_계_18세","2026년06월_계_19세","2026년06월_계_20세","2026년06월_계_21세","2026년06월_계_22세","2026년06월_계_23세","2026년06월_계_24세","2026년06월_계_25세","2026년06월_계_26세","2026년06월_계_27세","2026년06월_계_28세","2026년06월_계_29세","2026년06월_계_30세","2026년06월_계_31세","2026년06월_계_32세","2026년06월_계_33세","2026년06월_계_34세","2026년06월_계_35세","2026년06월_계_36세","2026년06월_계_37세","2026년06월_계_38세","2026년06월_계_39세","2026년06월_계_40세","2026년06월_계_41세","2026년06월_계_42세","2026년06월_계_43세","2026년06월_계_44세","2026년06월_계_45세","2026년06월_계_46세","2026년06월_계_47세","2026년06월_계_48세","2026년06월_계_49세","2026년06월_계_50세","2026년06월_계_51세","2026년06월_계_52세","2026년06월_계_53세","2026년06월_계_54세","2026년06월_계_55세","2026년06월_계_56세","2026년06월_계_57세","2026년06월_계_58세","2026년06월_계_59세","2026년06월_계_60세","2026년06월_계_61세","2026년06월_계_62세","2026년06월_계_63세","2026년06월_계_64세","2026년06월_계_65세","2026년06월_계_66세","2026년06월_계_67세","2026년06월_계_68세","2026년06월_계_69세","2026년06월_계_70세","2026년06월_계_71세","2026년06월_계_72세","2026년06월_계_73세","2026년06월_계_74세","2026년06월_계_75세","2026년06월_계_76세","2026년06월_계_77세","2026년06월_계_78세","2026년06월_계_79세","2026년06월_계_80세","2026년06월_계_81세","2026년06월_계_82세","2026년06월_계_83세","2026년06월_계_84세","2026년06월_계_85세","2026년06월_계_86세","2026년06월_계_87세","2026년06월_계_88세","2026년06월_계_89세","2026년06월_계_90세","2026년06월_계_91세","2026년06월_계_92세","2026년06월_계_93세","2026년06월_계_94세","2026년06월_계_95세","2026년06월_계_96세","2026년06월_계_97세","2026년06월_계_98세","2026년06월_계_99세","2026년06월_계_100세 이상","2026년06월_남_총인구수","2026년06월_남_연령구간인구수","2026년06월_남_1세","2026년06월_남_2세","2026년06월_남_3세","2026년06월_남_4세","2026년06월_남_5세","2026년06월_남_6세","2026년06월_남_7세","2026년06월_남_8세","2026년06월_남_9세","2026년06월_남_10세","2026년06월_남_11세","2026년06월_남_12세","2026년06월_남_13세","2026년06월_남_14세","2026년06월_남_15세","2026년06월_남_16세","2026년06월_남_17세","2026년06월_남_18세","2026년06월_남_19세","2026년06월_남_20세","2026년06월_남_21세","2026년06월_남_22세","2026년06월_남_23세","2026년06월_남_24세","2026년06월_남_25세","2026년06월_남_26세","2026년06월_남_27세","2026년06월_남_28세","2026년06월_남_29세","2026년06월_남_30세","2026년06월_남_31세","2026년06월_남_32세","2026년06월_남_33세","2026년06월_남_34세","2026년06월_남_35세","2026년06월_남_36세","2026년06월_남_37세","2026년06월_남_38세","2026년06월_남_39세","2026년06월_남_40세","2026년06월_남_41세","2026년06월_남_42세","2026년06월_남_43세","2026년06월_남_44세","2026년06월_남_45세","2026년06월_남_46세","2026년06월_남_47세","2026년06월_남_48세","2026년06월_남_49세","2026년06월_남_50세","2026년06월_남_51세","2026년06월_남_52세","2026년06월_남_53세","2026년06월_남_54세","2026년06월_남_55세","2026년06월_남_56세","2026년06월_남_57세","2026년06월_남_58세","2026년06월_남_59세","2026년06월_남_60세","2026년06월_남_61세","2026년06월_남_62세","2026년06월_남_63세","2026년06월_남_64세","2026년06월_남_65세","2026년06월_남_66세","2026년06월_남_67세","2026년06월_남_68세","2026년06월_남_69세","2026년06월_남_70세","2026년06월_남_71세","2026년06월_남_72세","2026년06월_남_73세","2026년06월_남_74세","2026년06월_남_75세","2026년06월_남_76세","2026년06월_남_77세","2026년06월_남_78세","2026년06월_남_79세","2026년06월_남_80세","2026년06월_남_81세","2026년06월_남_82세","2026년06월_남_83세","2026년06월_남_84세","2026년06월_남_85세","2026년06월_남_86세","2026년06월_남_87세","2026년06월_남_88세","2026년06월_남_89세","2026년06월_남_90세","2026년06월_남_91세","2026년06월_남_92세","2026년06월_남_93세","2026년06월_남_94세","2026년06월_남_95세","2026년06월_남_96세","2026년06월_남_97세","2026년06월_남_98세","2026년06월_남_99세","2026년06월_남_100세 이상","2026년06월_여_총인구수","2026년06월_여_연령구간인구수","2026년06월_여_1세","2026년06월_여_2세","2026년06월_여_3세","2026년06월_여_4세","2026년06월_여_5세","2026년06월_여_6세","2026년06월_여_7세","2026년06월_여_8세","2026년06월_여_9세","2026년06월_여_10세","2026년06월_여_11세","2026년06월_여_12세","2026년06월_여_13세","2026년06월_여_14세","2026년06월_여_15세","2026년06월_여_16세","2026년06월_여_17세","2026년06월_여_18세","2026년06월_여_19세","2026년06월_여_20세","2026년06월_여_21세","2026년06월_여_22세","2026년06월_여_23세","2026년06월_여_24세","2026년06월_여_25세","2026년06월_여_26세","2026년06월_여_27세","2026년06월_여_28세","2026년06월_여_29세","2026년06월_여_30세","2026년06월_여_31세","2026년06월_여_32세","2026년06월_여_33세","2026년06월_여_34세","2026년06월_여_35세","2026년06월_여_36세","2026년06월_여_37세","2026년06월_여_38세","2026년06월_여_39세","2026년06월_여_40세","2026년06월_여_41세","2026년06월_여_42세","2026년06월_여_43세","2026년06월_여_44세","2026년06월_여_45세","2026년06월_여_46세","2026년06월_여_47세","2026년06월_여_48세","2026년06월_여_49세","2026년06월_여_50세","2026년06월_여_51세","2026년06월_여_52세","2026년06월_여_53세","2026년06월_여_54세","2026년06월_여_55세","2026년06월_여_56세","2026년06월_여_57세","2026년06월_여_58세","2026년06월_여_59세","2026년06월_여_60세","2026년06월_여_61세","2026년06월_여_62세","2026년06월_여_63세","2026년06월_여_64세","2026년06월_여_65세","2026년06월_여_66세","2026년06월_여_67세","2026년06월_여_68세","2026년06월_여_69세","2026년06월_여_70세","2026년06월_여_71세","2026년06월_여_72세","2026년06월_여_73세","2026년06월_여_74세","2026년06월_여_75세","2026년06월_여_76세","2026년06월_여_77세","2026년06월_여_78세","2026년06월_여_79세","2026년06월_여_80세","2026년06월_여_81세","2026년06월_여_82세","2026년06월_여_83세","2026년06월_여_84세","2026년06월_여_85세","2026년06월_여_86세","2026년06월_여_87세","2026년06월_여_88세","2026년06월_여_89세","2026년06월_여_90세","2026년06월_여_91세","2026년06월_여_92세","2026년06월_여_93세","2026년06월_여_94세","2026년06월_여_95세","2026년06월_여_96세","2026년06월_여_97세","2026년06월_여_98세","2026년06월_여_99세","2026년06월_여_100세 이상"
"서울특별시  (1100000000)","9,289,813","9,242,366","41,798","37,057","38,917","40,473","42,841","45,176","48,983","52,412","58,161","65,113","67,694","66,307","71,409","72,294","73,703","69,609","70,815","79,168","80,063","80,620","86,081","98,069","103,192","114,135","137,861","146,418","147,845","157,561","160,505","164,493","162,416","162,451","162,857","158,832","142,791","136,014","131,698","124,260","123,959","125,242","122,927","131,698","139,457","148,057","147,913","146,604","133,266","130,023","130,519","130,732","138,722","149,096","152,796","155,329","159,619","151,679","154,413","137,982","130,837","130,952","133,142","123,001","138,123","127,642","147,925","142,759","130,263","125,338","117,391","112,109","116,571","92,407","89,347","84,966","67,706","76,201","70,649","71,046","69,438","47,506","50,568","46,720","49,542","46,479","35,633","30,460","27,144","21,927","18,505","15,238","11,865","8,890","6,687","5,064","3,467","2,772","2,113","1,446","933","1,469","4,471,801","4,447,493","21,420","18,946","19,881","20,752","22,047","23,388","25,445","26,884","29,752","33,137","34,567","34,163","36,643","37,118","37,765","35,672","36,075","40,276","39,477","38,481","39,869","45,615","47,658","52,428","63,559","67,693","69,217","73,652","76,263","80,024","80,778","81,417","82,047","79,652","71,958","68,838","66,093","61,802","61,292","62,208","60,913","65,711","68,732","73,420","73,631","71,803","65,420","63,728","64,279","64,216","68,306","73,351","74,970","77,002","78,558","74,881","75,567","66,910","64,038","64,294","64,367","59,285","67,230","61,292","69,184","66,062","60,916","58,798","53,863","51,322","53,011","41,900","40,723","38,423","30,572","33,956","31,151","31,256","30,249","20,451","21,756","19,637","20,951","19,414","14,447","11,832","10,207","8,034","6,267","5,086","3,690","2,515","1,903","1,279","850","600","519","321","175","317","4,818,012","4,794,873","20,378","18,111","19,036","19,721","20,794","21,788","23,538","25,528","28,409","31,976","33,127","32,144","34,766","35,176","35,938","33,937","34,740","38,892","40,586","42,139","46,212","52,454","55,534","61,707","74,302","78,725","78,628","83,909","84,242","84,469","81,638","81,034","80,810","79,180","70,833","67,176","65,605","62,458","62,667","63,034","62,014","65,987","70,725","74,637","74,282","74,801","67,846","66,295","66,240","66,516","70,416","75,745","77,826","78,327","81,061","76,798","78,846","71,072","66,799","66,658","68,775","63,716","70,893","66,350","78,741","76,697","69,347","66,540","63,528","60,787","63,560","50,507","48,624","46,543","37,134","42,245","39,498","39,790","39,189","27,055","28,812","27,083","28,591","27,065","21,186","18,628","16,937","13,893","12,238","10,152","8,175","6,375","4,784","3,785","2,617","2,172","1,594","1,125","758","1,152"
"서울특별시 종로구 (1111000000)","136,318","135,864","451","399","422","481","460","521","518","581","686","764","758","758","919","852","931","852","913","1,132","1,183","1,237","1,374","1,622","1,725","1,949","2,287","2,470","2,391","2,395","2,420","2,345","2,316","2,224","2,289","2,192","1,897","1,785","1,713","1,597","1,625","1,592","1,712","1,735","1,797","1,956","1,969","1,947","1,761","1,726","1,801","1,761","1,957","2,171","2,286","2,370","2,553","2,472","2,444","2,245","2,209","2,105","2,157","2,098","2,276","2,067","2,423","2,139","1,996","1,872","1,790","1,739","1,781","1,352","1,346","1,264","953","1,114","1,039","1,148","1,095","784","926","818","852","848","719","580","548","459","362","316","244","202","148","116","92","55","44","34","25","40","65,255","65,025","242","208","215","256","235","283","259","272","360","384","372","349","457","407","472","427","440","573","548","550","589","706","764","899","1,075","1,162","1,102","1,092","1,244","1,182","1,145","1,153","1,147","1,094","959","912","872","767","728","759","835","881","875","941","927","932","831","794","867","825","955","1,038","1,112","1,170","1,310","1,219","1,186","1,060","1,109","1,034","1,057","1,065","1,189","1,068","1,160","1,024","1,004","955","870","845","841","665","648","604","413","491","439","510","473","311","390","317","356","311","306","220","207","178","131","114","75","65","48","36","30","13","12","5","5","13","71,063","70,839","209","191","207","225","225","238","259","309","326","380","386","409","462","445","459","425","473","559","635","687","785","916","961","1,050","1,212","1,308","1,289","1,303","1,176","1,163","1,171","1,071","1,142","1,098","938","873","841","830","897","833","877","854","922","1,015","1,042","1,015","930","932","934","936","1,002","1,133","1,174","1,200","1,243","1,253","1,258","1,185","1,100","1,071","1,100","1,033","1,087","999","1,263","1,115","992","917","920","894","940","687","698","660","540","623","600","638","622","473","536","501","496","537","413","360","341","281","231","202","169","137","100","80","62","42","32","29","20","27"
"서울특별시 중구 (1114000000)","117,558","116,929","505","416","457","480","492","406","415","488","540","525","521","540","523","564","545","540","528","731","824","838","918","1,238","1,243","1,429","1,681","1,895","1,867","2,058","2,204","2,306","2,283","2,366","2,421","2,330","2,128","1,982","1,956","1,821","1,649","1,642","1,677","1,684","1,739","1,674","1,714","1,694","1,406","1,515","1,401","1,378","1,548","1,706","1,759","1,920","1,996","1,950","1,971","1,823","1,648","1,681","1,782","1,672","1,893","1,702","2,048","1,846","1,789","1,710","1,637","1,591","1,669","1,222","1,187","1,170","911","1,070","952","1,003","989","681","745","717","726","779","552","519","461","332","330","265","209","160","118","75","69","46","44","34","19","26","56,416","56,094","262","214","238","222","251","219","198","257","267","275","263","268","274","291","272","297","264","322","390","355","410","542","586","664","759","833","807","899","1,003","1,063","1,142","1,167","1,207","1,137","1,044","1,041","995","904","864","792","840","852","855","853","840","846","730","784","689","698","762","851","827","955","970","998","997","943","856","849","842","843","966","850","1,005","910","849","850","811","778","792","568","553","548","420","484","428","434","407","271","303","283","280","308","208","200","171","93","105","74","63","34","31","21","16","10","16","9","1","6","61,142","60,835","243","202","219","258","241","187","217","231","273","250","258","272","249","273","273","243","264","409","434","483","508","696","657","765","922","1,062","1,060","1,159","1,201","1,243","1,141","1,199","1,214","1,193","1,084","941","961","917","785","850","837","832","884","821","874","848","676","731","712","680","786","855","932","965","1,026","952","974","880","792","832","940","829","927","852","1,043","936","940","860","826","813","877","654","634","622","491","586","524","569","582","410","442","434","446","471","344","319","290","239","225","191","146","126","87","54","53","36","28","25","18","20"
"서울특별시 용산구 (1117000000)","199,648","198,517","967","876","925","848","917","952","1,007","1,000","1,114","1,148","1,203","1,136","1,254","1,252","1,258","1,234","1,221","1,397","1,466","1,538","1,772","1,944","1,983","2,243","2,724","3,057","3,112","3,436","3,778","3,918","4,127","4,090","4,162","4,086","3,837","3,477","3,264","3,042","2,961","3,078","2,844","2,916","3,088","3,157","3,104","3,055","2,527","2,602","2,525","2,639","2,871","3,027","3,197","3,489","3,565","3,376","3,332","3,106","2,805","2,828","2,897","2,759","3,009","2,875","2,963","2,922","2,619","2,608","2,368","2,284","2,282","1,826","1,704","1,534","1,331","1,459","1,359","1,409","1,236","984","1,030","1,007","1,030","1,074","810","744","674","625","515","427","321","272","177","161","106","72","68","36","25","58","94,807","94,262","509","446","471","422","482","471","519","488","566","593","603","575","652","665","661","658","608","681","679","671","751","821","847","944","1,165","1,331","1,418","1,594","1,732","1,844","1,936","1,977","2,027","2,009","1,868","1,738","1,642","1,503","1,411","1,515","1,402","1,495","1,541","1,591","1,556","1,473","1,233","1,281","1,168","1,252","1,338","1,508","1,498","1,683","1,703","1,631","1,676","1,508","1,389","1,380","1,431","1,361","1,493","1,451","1,439","1,404","1,257","1,275","1,149","1,049","1,098","842","796","680","596","668","615","578","518","382","404","401","418","413","328","250","261","208","171","126","112","79","56","42","36","24","21","10","2","19","104,841","104,255","458","430","454","426","435","481","488","512","548","555","600","561","602","587","597","576","613","716","787","867","1,021","1,123","1,136","1,299","1,559","1,726","1,694","1,842","2,046","2,074","2,191","2,113","2,135","2,077","1,969","1,739","1,622","1,539","1,550","1,563","1,442","1,421","1,547","1,566","1,548","1,582","1,294","1,321","1,357","1,387","1,533","1,519","1,699","1,806","1,862","1,745","1,656","1,598","1,416","1,448","1,466","1,398","1,516","1,424","1,524","1,518","1,362","1,333","1,219","1,235","1,184","984","908","854","735","791","744","831","718","602","626","606","612","661","482","494","413","417","344","301","209","193","121","119","70","48","47","26","23","39"
"서울특별시 성동구 (1120000000)","274,517","272,559","1,687","1,450","1,359","1,518","1,449","1,501","1,486","1,550","1,671","1,624","1,716","1,564","1,631","1,574","1,591","1,543","1,625","1,977","2,342","2,481","2,592","3,023","3,240","3,525","4,234","4,417","4,349","4,689","4,682","4,813","4,992","5,063","5,341","5,232","4,887","4,800","4,604","4,454","4,193","4,181","4,014","4,049","4,272","4,341","4,155","3,907","3,621","3,445","3,538","3,550","3,856","4,241","4,384","4,489","4,810","4,570","4,614","4,205","3,857","3,975","3,975","3,658","4,102","3,834","4,305","4,083","3,757","3,468","3,368","3,034","3,066","2,499","2,374","2,167","1,874","2,054","1,875","1,901","1,970","1,325","1,445","1,366","1,489","1,316","1,052","926","790","675","585","437","332","259","192","149","88","79","50","32","34","31","132,380","131,418","861","754","713","771","755","802","717","811","861","828","850","807","806","776","775","787","796","955","1,116","1,139","1,121","1,418","1,503","1,657","2,134","2,170","2,123","2,174","2,244","2,355","2,468","2,413","2,619","2,603","2,416","2,397","2,206","2,215","2,081","2,148","2,024","2,063","2,206","2,197","2,089","1,920","1,792","1,619","1,774","1,742","1,816","2,029","2,152","2,181","2,327","2,268","2,217","2,091","1,956","1,931","1,953","1,827","2,027","1,939","2,110","1,942","1,853","1,692","1,571","1,401","1,418","1,150","1,123","960","834","936","796","820","827","537","610","546","605","532","388","366","267","225","188","123","90","76","53","35","17","15","9","7","6","5","142,137","141,141","826","696","646","747","694","699","769","739","810","796","866","757","825","798","816","756","829","1,022","1,226","1,342","1,471","1,605","1,737","1,868","2,100","2,247","2,226","2,515","2,438","2,458","2,524","2,650","2,722","2,629","2,471","2,403","2,398","2,239","2,112","2,033","1,990","1,986","2,066","2,144","2,066","1,987","1,829","1,826","1,764","1,808","2,040","2,212","2,232","2,308","2,483","2,302","2,397","2,114","1,901","2,044","2,022","1,831","2,075","1,895","2,195","2,141","1,904","1,776","1,797","1,633","1,648","1,349","1,251","1,207","1,040","1,118","1,079","1,081","1,143","788","835","820","884","784","664","560","523","450","397","314","242","183","139","114","71","64","41","25","28","26"
"서울특별시 광진구 (1121500000)","330,905","329,459","1,134","1,084","1,093","1,157","1,287","1,331","1,525","1,507","1,701","1,975","2,037","2,069","2,266","2,293","2,313","2,220","2,232","2,576","2,824","2,936","3,371","4,135","4,606","4,987","6,255","6,735","6,829","7,176","7,173","7,190","6,851","6,730","6,578","6,092","5,243","5,074","4,664","4,386","4,266","4,390","4,220","4,395","4,742","4,999","4,916","4,895","4,474","4,361","4,394","4,339","4,643","4,961","5,192","5,371","5,494","5,391","5,394","5,046","4,775","4,709","4,670","4,272","5,049","4,444","5,095","5,078","4,411","4,253","3,936","3,778","3,783","2,892","2,919","2,731","2,178","2,283","2,258","2,285","2,238","1,461","1,600","1,550","1,554","1,471","1,181","1,002","862","696","602","488","382","319","203","157","99","96","60","39","38","44","158,151","157,412","573","552","558","597","649","701","749","781","880","1,011","1,039","1,084","1,135","1,163","1,145","1,149","1,137","1,275","1,336","1,317","1,420","1,881","2,111","2,289","2,829","3,055","3,138","3,272","3,285","3,406","3,382","3,336","3,318","3,081","2,690","2,576","2,358","2,168","2,057","2,163","2,081","2,124","2,305","2,440","2,387","2,387","2,181","2,181","2,147","2,144","2,268","2,435","2,478","2,615","2,692","2,528","2,615","2,435","2,308","2,273","2,278","2,122","2,515","2,154","2,441","2,378","2,063","2,013","1,835","1,736","1,720","1,364","1,339","1,200","980","1,029","1,011","1,006","1,001","637","720","641","687","591","512","403","349","270","205","148","106","98","64","39","22","20","11","12","10","12","172,754","172,047","561","532","535","560","638","630","776","726","821","964","998","985","1,131","1,130","1,168","1,071","1,095","1,301","1,488","1,619","1,951","2,254","2,495","2,698","3,426","3,680","3,691","3,904","3,888","3,784","3,469","3,394","3,260","3,011","2,553","2,498","2,306","2,218","2,209","2,227","2,139","2,271","2,437","2,559","2,529","2,508","2,293","2,180","2,247","2,195","2,375","2,526","2,714","2,756","2,802","2,863","2,779","2,611","2,467","2,436","2,392","2,150","2,534","2,290","2,654","2,700","2,348","2,240","2,101","2,042","2,063","1,528","1,580","1,531","1,198","1,254","1,247","1,279","1,237","824","880","909","867","880","669","599","513","426","397","340","276","221","139","118","77","76","49","27","28","32"
"서울특별시 동대문구 (1123000000)","352,848","350,678","1,812","1,623","1,691","1,563","1,713","1,766","1,789","1,829","1,988","2,138","2,158","2,059","2,220","2,155","2,244","2,106","2,151","2,838","3,240","3,707","4,137","5,023","5,470","5,920","6,646","6,311","6,063","6,235","6,031","6,019","6,161","6,062","6,274","6,032","5,648","5,244","5,128","4,824","4,847","4,589","4,582","4,935","5,193","5,260","5,267","5,065","4,607","4,515","4,427","4,463","4,962","5,185","5,500","5,603","5,796","5,592","5,666","4,980","4,970","4,845","4,933","4,479","5,016","4,754","5,557","5,354","4,873","4,707","4,416","4,202","4,355","3,490","3,347","3,216","2,563","2,835","2,673","2,713","2,690","1,899","2,053","1,915","2,102","1,899","1,475","1,248","1,106","891","762","601","468","331","272","178","123","100","81","50","32","52","171,755","170,630","961","860","858","808","835","905","842","952","1,011","1,083","1,116","1,049","1,154","1,093","1,150","1,067","1,069","1,439","1,551","1,595","1,737","2,156","2,466","2,860","3,205","3,028","2,949","2,988","2,896","2,935","3,109","3,018","3,137","3,082","2,884","2,689","2,626","2,460","2,523","2,357","2,308","2,602","2,620","2,704","2,746","2,558","2,325","2,308","2,201","2,266","2,537","2,613","2,752","2,798","2,875","2,764","2,869","2,471","2,527","2,455","2,506","2,266","2,492","2,362","2,655","2,582","2,345","2,254","2,062","2,005","2,026","1,608","1,565","1,424","1,178","1,336","1,108","1,165","1,105","791","862","736","892","760","589","461","401","333","261","221","152","93","80","45","33","18","25","14","6","11","181,093","180,048","851","763","833","755","878","861","947","877","977","1,055","1,042","1,010","1,066","1,062","1,094","1,039","1,082","1,399","1,689","2,112","2,400","2,867","3,004","3,060","3,441","3,283","3,114","3,247","3,135","3,084","3,052","3,044","3,137","2,950","2,764","2,555","2,502","2,364","2,324","2,232","2,274","2,333","2,573","2,556","2,521","2,507","2,282","2,207","2,226","2,197","2,425","2,572","2,748","2,805","2,921","2,828","2,797","2,509","2,443","2,390","2,427","2,213","2,524","2,392","2,902","2,772","2,528","2,453","2,354","2,197","2,329","1,882","1,782","1,792","1,385","1,499","1,565","1,548","1,585","1,108","1,191","1,179","1,210","1,139","886","787","705","558","501","380","316","238","192","133","90","82","56","36","26","41"
"서울특별시 중랑구 (1126000000)","376,386","374,523","1,627","1,424","1,546","1,475","1,412","1,485","1,657","1,755","1,962","2,144","2,102","2,048","2,251","2,319","2,331","2,236","2,376","2,486","2,585","2,633","2,810","3,292","3,505","3,996","4,907","5,279","5,424","5,982","6,265","6,595","6,610","6,710","6,686","6,570","5,721","5,390","5,282","4,877","4,822","4,849","4,663","4,869","5,110","5,519","5,505","5,494","4,886","4,738","4,713","4,774","5,141","5,799","6,011","6,192","6,675","6,496","6,901","6,505","6,304","6,303","6,473","5,946","6,852","6,446","7,357","7,134","6,317","6,017","5,574","5,292","5,494","4,341","4,068","4,024","3,056","3,452","3,190","3,171","3,127","2,064","2,247","2,117","2,300","2,105","1,581","1,416","1,171","933","790","614","498","372","274","190","138","115","77","69","37","60","183,583","182,612","837","736","785","689","759","771","822","872","1,010","1,097","1,080","1,089","1,157","1,192","1,177","1,171","1,194","1,260","1,315","1,305","1,351","1,508","1,636","1,852","2,242","2,432","2,538","2,890","2,916","3,231","3,281","3,366","3,410","3,348","2,939","2,780","2,758","2,573","2,464","2,504","2,399","2,573","2,608","2,889","2,891","2,886","2,540","2,428","2,468","2,424","2,609","2,888","2,976","3,108","3,336","3,202","3,310","3,101","3,047","3,105","3,188","2,887","3,348","3,152","3,511","3,417","3,051","2,953","2,586","2,480","2,630","2,025","1,904","1,859","1,412","1,524","1,397","1,396","1,342","894","955","856","920","891","625","553","437","338","286","205","140","99","78","47","24","27","14","17","9","10","192,803","191,911","790","688","761","786","653","714","835","883","952","1,047","1,022","959","1,094","1,127","1,154","1,065","1,182","1,226","1,270","1,328","1,459","1,784","1,869","2,144","2,665","2,847","2,886","3,092","3,349","3,364","3,329","3,344","3,276","3,222","2,782","2,610","2,524","2,304","2,358","2,345","2,264","2,296","2,502","2,630","2,614","2,608","2,346","2,310","2,245","2,350","2,532","2,911","3,035","3,084","3,339","3,294","3,591","3,404","3,257","3,198","3,285","3,059","3,504","3,294","3,846","3,717","3,266","3,064","2,988","2,812","2,864","2,316","2,164","2,165","1,644","1,928","1,793","1,775","1,785","1,170","1,292","1,261","1,380","1,214","956","863","734","595","504","409","358","273","196","143","114","88","63","52","28","50"
"서울특별시 성북구 (1129000000)","421,762","419,717","1,909","1,778","1,759","1,911","2,045","2,080","2,360","2,388","2,730","3,120","3,064","2,953","3,155","3,334","3,408","3,173","3,292","3,966","4,520","4,799","5,414","6,261","6,315","6,470","7,072","6,735","6,334","6,326","6,253","6,173","5,958","6,071","6,234","6,036","5,466","5,501","5,350","5,172","5,158","5,420","5,314","5,824","5,977","6,374","6,445","6,384","5,925","5,660","5,768","5,988","6,659","7,224","7,509","7,610","7,806","7,382","7,479","6,427","6,165","6,025","5,946","5,627","6,025","5,601","6,560","6,301","5,691","5,679","5,073","4,981","5,112","4,053","3,943","3,706","2,924","3,545","3,205","3,248","3,282","2,255","2,433","2,328","2,528","2,425","1,854","1,593","1,393","1,107","908","762","623","406","329","242","182","136","105","77","48","73","201,144","200,112","989","942","901","982","1,064","1,063","1,252","1,267","1,362","1,548","1,589","1,487","1,569","1,753","1,720","1,597","1,665","2,024","2,086","2,063","2,274","2,704","2,893","3,000","3,405","3,258","3,055","3,041","3,065","2,965","2,938","3,080","3,222","2,958","2,806","2,791","2,678","2,516","2,528","2,738","2,636","2,935","2,982","3,165","3,184","3,085","2,858","2,789","2,822","2,868","3,194","3,470","3,645","3,755","3,803","3,709","3,684","3,217","3,027","2,984","2,884","2,644","2,879","2,622","3,009","2,943","2,671","2,601","2,308","2,315","2,328","1,794","1,795","1,650","1,289","1,514","1,345","1,285","1,380","917","976","940","1,029","986","722","577","508","406","295","238","200","112","105","59","39","31","27","16","8","15","220,618","219,605","920","836","858","929","981","1,017","1,108","1,121","1,368","1,572","1,475","1,466","1,586","1,581","1,688","1,576","1,627","1,942","2,434","2,736","3,140","3,557","3,422","3,470","3,667","3,477","3,279","3,285","3,188","3,208","3,020","2,991","3,012","3,078","2,660","2,710","2,672","2,656","2,630","2,682","2,678","2,889","2,995","3,209","3,261","3,299","3,067","2,871","2,946","3,120","3,465","3,754","3,864","3,855","4,003","3,673","3,795","3,210","3,138","3,041","3,062","2,983","3,146","2,979","3,551","3,358","3,020","3,078","2,765","2,666","2,784","2,259","2,148","2,056","1,635","2,031","1,860","1,963","1,902","1,338","1,457","1,388","1,499","1,439","1,132","1,016","885","701","613","524","423","294","224","183","143","105","78","61","40","58"
"서울특별시 강북구 (1130500000)","278,041","277,156","831","757","777","802","841","975","999","1,193","1,303","1,392","1,506","1,523","1,682","1,797","1,841","1,722","1,866","2,122","2,207","2,388","2,650","3,005","3,163","3,278","3,688","3,887","3,696","3,849","3,959","3,928","3,743","3,899","3,842","3,789","3,240","3,130","3,053","2,887","2,837","3,008","3,039","3,297","3,597","3,895","3,915","4,003","3,675","3,641","3,734","3,850","4,226","4,685","4,967","5,209","5,352","5,063","5,317","4,855","4,623","4,612","4,765","4,385","4,913","4,539","5,493","5,340","4,773","4,555","4,344","4,072","4,400","3,399","3,289","3,343","2,672","2,981","2,974","2,913","2,845","1,953","2,231","2,018","2,210","2,133","1,608","1,269","1,162","955","765","641","425","342","235","171","116","94","96","58","24","45","133,590","133,128","433","371","374","386","422","513","552","610","644","711","760","794","871","946","936","880","951","1,056","1,063","1,022","1,099","1,295","1,365","1,488","1,780","1,795","1,731","1,936","1,930","2,051","1,947","1,998","2,057","1,973","1,655","1,691","1,637","1,519","1,496","1,595","1,600","1,759","1,854","2,039","2,103","2,098","1,880","1,829","1,924","1,915","2,120","2,332","2,523","2,648","2,629","2,483","2,613","2,325","2,235","2,218","2,362","2,136","2,418","2,167","2,538","2,409","2,276","2,151","2,049","1,854","1,964","1,492","1,425","1,443","1,154","1,220","1,256","1,218","1,154","804","849","806","887","843","646","448","407","348","282","210","153","98","69","39","30","14","26","7","6","10","144,451","144,028","398","386","403","416","419","462","447","583","659","681","746","729","811","851","905","842","915","1,066","1,144","1,366","1,551","1,710","1,798","1,790","1,908","2,092","1,965","1,913","2,029","1,877","1,796","1,901","1,785","1,816","1,585","1,439","1,416","1,368","1,341","1,413","1,439","1,538","1,743","1,856","1,812","1,905","1,795","1,812","1,810","1,935","2,106","2,353","2,444","2,561","2,723","2,580","2,704","2,530","2,388","2,394","2,403","2,249","2,495","2,372","2,955","2,931","2,497","2,404","2,295","2,218","2,436","1,907","1,864","1,900","1,518","1,761","1,718","1,695","1,691","1,149","1,382","1,212","1,323","1,290","962","821","755","607","483","431","272","244","166","132","86","80","70","51","18","35"
"서울특별시 도봉구 (1132000000)","298,225","297,151","978","910","934","1,090","1,040","1,164","1,260","1,408","1,581","1,789","1,966","1,825","1,996","2,127","2,205","2,124","2,151","2,378","2,390","2,302","2,497","2,810","2,809","3,159","3,486","3,779","3,679","3,882","3,947","4,057","4,044","3,974","4,105","4,006","3,699","3,392","3,385","3,188","3,228","3,432","3,410","3,707","3,894","4,304","4,410","4,190","3,923","3,891","3,930","4,121","4,462","4,918","5,144","5,381","5,721","5,517","5,769","5,204","5,103","5,164","5,170","4,797","5,454","5,087","6,128","5,921","5,370","5,184","4,969","4,584","4,822","3,689","3,583","3,448","2,693","3,003","2,712","2,867","2,778","1,952","2,006","1,980","2,085","2,072","1,595","1,342","1,223","967","801","654","474","396","272","224","138","108","90","62","39","73","143,845","143,289","495","488","464","559","546","630","657","733","802","927","1,058","943","1,045","1,110","1,139","1,102","1,106","1,259","1,192","1,138","1,194","1,340","1,313","1,473","1,764","1,813","1,885","1,880","2,027","2,070","2,096","2,098","2,100","2,039","1,897","1,768","1,720","1,639","1,652","1,741","1,728","1,930","1,985","2,187","2,189","2,103","1,920","1,924","1,948","2,001","2,201","2,401","2,461","2,674","2,731","2,633","2,711","2,434","2,451","2,480","2,395","2,256","2,669","2,351","2,859","2,717","2,456","2,433","2,328","2,112","2,249","1,748","1,684","1,575","1,240","1,352","1,207","1,325","1,196","839","840","806","852","892","644","515","450","351","252","210","147","94","80","57","39","17","17","14","9","18","154,380","153,862","483","422","470","531","494","534","603","675","779","862","908","882","951","1,017","1,066","1,022","1,045","1,119","1,198","1,164","1,303","1,470","1,496","1,686","1,722","1,966","1,794","2,002","1,920","1,987","1,948","1,876","2,005","1,967","1,802","1,624","1,665","1,549","1,576","1,691","1,682","1,777","1,909","2,117","2,221","2,087","2,003","1,967","1,982","2,120","2,261","2,517","2,683","2,707","2,990","2,884","3,058","2,770","2,652","2,684","2,775","2,541","2,785","2,736","3,269","3,204","2,914","2,751","2,641","2,472","2,573","1,941","1,899","1,873","1,453","1,651","1,505","1,542","1,582","1,113","1,166","1,174","1,233","1,180","951","827","773","616","549","444","327","302","192","167","99","91","73","48","30","55"
"서울특별시 노원구 (1135000000)","481,053","478,634","2,042","1,821","1,881","1,921","2,007","2,202","2,393","2,637","3,107","3,575","3,853","3,838","4,184","4,325","4,584","4,228","4,485","5,173","5,269","5,208","5,479","6,063","5,926","5,956","6,601","6,322","6,037","6,219","6,123","6,466","6,395","6,597","6,862","6,665","6,104","5,951","5,729","5,496","5,579","5,622","5,493","6,298","6,765","7,348","7,517","7,624","6,966","7,099","7,236","7,193","7,941","8,547","8,564","8,855","9,166","8,637","8,655","7,744","7,243","7,290","7,194","6,534","7,677","7,028","8,133","7,785","7,167","6,992","6,460","6,141","6,517","5,072","4,797","4,660","3,619","4,026","3,699","3,784","3,700","2,519","2,730","2,587","2,739","2,636","1,956","1,668","1,586","1,346","1,103","932","714","550","423","313","214","170","127","92","53","85","229,866","228,646","1,045","955","980","959","1,067","1,165","1,234","1,360","1,569","1,817","1,938","1,993","2,219","2,226","2,362","2,174","2,350","2,741","2,618","2,524","2,587","3,016","3,006","3,079","3,437","3,226","3,056","3,116","3,001","3,213","3,169","3,335","3,552","3,368","3,061","3,022","2,880","2,810","2,860","2,721","2,720","3,059","3,240","3,463","3,678","3,579","3,374","3,341","3,414","3,403","3,723","4,083","4,132","4,204","4,418","4,204","4,189","3,699","3,537","3,504","3,355","3,078","3,611","3,314","3,755","3,513","3,245","3,237","2,867","2,710","2,939","2,326","2,177","2,061","1,611","1,752","1,538","1,585","1,543","1,021","1,099","989","1,064","978","670","597","523","416","341","286","196","134","111","72","50","28","33","24","8","14","251,187","249,988","997","866","901","962","940","1,037","1,159","1,277","1,538","1,758","1,915","1,845","1,965","2,099","2,222","2,054","2,135","2,432","2,651","2,684","2,892","3,047","2,920","2,877","3,164","3,096","2,981","3,103","3,122","3,253","3,226","3,262","3,310","3,297","3,043","2,929","2,849","2,686","2,719","2,901","2,773","3,239","3,525","3,885","3,839","4,045","3,592","3,758","3,822","3,790","4,218","4,464","4,432","4,651","4,748","4,433","4,466","4,045","3,706","3,786","3,839","3,456","4,066","3,714","4,378","4,272","3,922","3,755","3,593","3,431","3,578","2,746","2,620","2,599","2,008","2,274","2,161","2,199","2,157","1,498","1,631","1,598","1,675","1,658","1,286","1,071","1,063","930","762","646","518","416","312","241","164","142","94","68","45","71"
"서울특별시 은평구 (1138000000)","453,212","451,085","1,854","1,640","1,756","1,780","1,886","1,947","2,062","2,251","2,481","2,927","3,051","2,851","3,201","3,308","3,414","3,392","3,468","3,793","3,674","3,609","3,816","4,325","4,554","4,974","5,942","6,530","6,564","6,930","7,220","7,315","7,393","7,624","7,579","7,294","6,526","6,326","5,888","5,559","5,553","5,561","5,505","6,055","6,560","7,012","6,899","7,082","6,310","6,310","6,405","6,594","7,077","7,648","7,951","8,211","8,343","7,926","8,200","7,115","7,048","6,829","6,803","6,608","7,198","6,685","7,752","7,549","7,019","6,572","6,103","5,847","6,061","4,840","4,705","4,385","3,711","4,112","3,711","3,949","3,798","2,696","2,776","2,665","2,903","2,732","2,039","1,796","1,625","1,242","1,074","819","698","485","338","264","170","135","124","80","44","74","214,139","213,029","967","838","956","930","983","993","1,051","1,117","1,273","1,464","1,578","1,467","1,630","1,661","1,739","1,707","1,777","1,917","1,861","1,810","1,880","2,093","2,188","2,310","2,655","2,934","3,015","3,093","3,285","3,355","3,534","3,667","3,683","3,518","3,238","3,257","2,941","2,749","2,716","2,757","2,687","3,036","3,221","3,506","3,417","3,451","3,086","3,074","3,153","3,184","3,373","3,743","3,851","3,995","3,904","3,798","3,969","3,394","3,354","3,224","3,188","3,141","3,347","3,187","3,547","3,444","3,266","2,984","2,779","2,640","2,683","2,075","2,082","1,901","1,588","1,788","1,587","1,629","1,618","1,118","1,140","1,082","1,166","1,106","828","729","584","453","366","281","212","153","99","78","46","30","37","13","5","22","239,073","238,056","887","802","800","850","903","954","1,011","1,134","1,208","1,463","1,473","1,384","1,571","1,647","1,675","1,685","1,691","1,876","1,813","1,799","1,936","2,232","2,366","2,664","3,287","3,596","3,549","3,837","3,935","3,960","3,859","3,957","3,896","3,776","3,288","3,069","2,947","2,810","2,837","2,804","2,818","3,019","3,339","3,506","3,482","3,631","3,224","3,236","3,252","3,410","3,704","3,905","4,100","4,216","4,439","4,128","4,231","3,721","3,694","3,605","3,615","3,467","3,851","3,498","4,205","4,105","3,753","3,588","3,324","3,207","3,378","2,765","2,623","2,484","2,123","2,324","2,124","2,320","2,180","1,578","1,636","1,583","1,737","1,626","1,211","1,067","1,041","789","708","538","486","332","239","186","124","105","87","67","39","52"
"서울특별시 서대문구 (1141000000)","299,810","298,326","1,375","1,290","1,336","1,368","1,386","1,483","1,551","1,725","1,885","2,022","2,174","2,045","2,065","2,027","2,180","2,035","2,074","2,341","2,735","3,074","3,371","3,959","4,155","4,475","5,098","5,181","5,031","4,959","5,147","5,098","4,886","4,849","4,949","4,935","4,472","4,251","4,089","3,937","4,028","3,988","3,881","4,120","4,290","4,547","4,521","4,345","3,987","3,968","3,962","4,073","4,286","4,750","4,928","5,154","5,285","5,008","5,078","4,525","4,219","4,271","4,368","3,943","4,368","4,069","4,720","4,439","4,085","3,981","3,599","3,387","3,561","2,738","2,747","2,503","2,038","2,412","2,269","2,291","2,358","1,631","1,742","1,611","1,873","1,779","1,312","1,219","1,099","845","795","626","483","311","248","193","124","114","74","50","39","55","141,189","140,423","698","623","697","729","673","757","850","900","946","1,021","1,068","1,004","1,026","1,011","1,107","1,011","1,033","1,134","1,286","1,270","1,316","1,661","1,838","2,016","2,335","2,460","2,386","2,313","2,422","2,459","2,390","2,401","2,472","2,440","2,179","2,120","1,960","1,932","1,947","1,996","1,938","1,964","2,155","2,235","2,274","2,135","1,945","1,943","1,871","2,046","2,072","2,228","2,338","2,526","2,608","2,397","2,475","2,158","2,043","2,141","2,069","1,836","2,125","1,917","2,186","2,024","1,862","1,951","1,614","1,559","1,618","1,220","1,261","1,106","881","977","919","940","949","675","691","607","729","705","515","429","403","301","276","207","162","97","73","52","36","20","22","10","8","12","158,621","157,903","677","667","639","639","713","726","701","825","939","1,001","1,106","1,041","1,039","1,016","1,073","1,024","1,041","1,207","1,449","1,804","2,055","2,298","2,317","2,459","2,763","2,721","2,645","2,646","2,725","2,639","2,496","2,448","2,477","2,495","2,293","2,131","2,129","2,005","2,081","1,992","1,943","2,156","2,135","2,312","2,247","2,210","2,042","2,025","2,091","2,027","2,214","2,522","2,590","2,628","2,677","2,611","2,603","2,367","2,176","2,130","2,299","2,107","2,243","2,152","2,534","2,415","2,223","2,030","1,985","1,828","1,943","1,518","1,486","1,397","1,157","1,435","1,350","1,351","1,409","956","1,051","1,004","1,144","1,074","797","790","696","544","519","419","321","214","175","141","88","94","52","40","31","43"
"서울특별시 마포구 (1144000000)","356,487","354,460","1,658","1,451","1,530","1,591","1,706","1,723","1,934","1,939","2,297","2,481","2,531","2,330","2,470","2,518","2,564","2,429","2,526","2,895","2,900","3,243","3,527","4,242","4,537","5,073","6,085","6,447","6,373","6,947","7,144","7,369","7,074","7,164","7,255","7,048","6,241","5,902","5,672","5,454","5,370","5,356","5,331","5,421","5,659","5,913","5,636","5,539","5,108","5,008","5,150","5,129","5,490","5,876","6,077","6,130","6,105","5,780","5,687","4,955","4,543","4,541","4,593","4,061","4,543","4,190","4,723","4,504","4,057","3,816","3,646","3,486","3,520","2,774","2,660","2,628","2,009","2,339","2,228","2,289","2,250","1,602","1,801","1,660","1,808","1,712","1,372","1,137","1,023","804","770","604","447","374","285","193","144","105","80","63","36","50","165,403","164,352","866","735","768","819","875","896","1,009","984","1,159","1,253","1,292","1,138","1,264","1,246","1,272","1,235","1,262","1,459","1,356","1,492","1,445","1,793","2,023","2,112","2,641","2,752","2,765","2,978","3,066","3,285","3,207","3,398","3,425","3,368","3,038","2,826","2,642","2,598","2,471","2,562","2,574","2,656","2,698","2,910","2,763","2,647","2,486","2,349","2,406","2,396","2,610","2,809","2,887","2,993","2,969","2,877","2,784","2,356","2,221","2,241","2,189","1,978","2,219","2,017","2,240","2,058","1,875","1,736","1,615","1,537","1,594","1,179","1,166","1,158","809","983","878","914","883","592","712","656","716","670","521","450","362","274","250","215","138","95","92","51","34","27","23","20","9","10","191,084","190,108","792","716","762","772","831","827","925","955","1,138","1,228","1,239","1,192","1,206","1,272","1,292","1,194","1,264","1,436","1,544","1,751","2,082","2,449","2,514","2,961","3,444","3,695","3,608","3,969","4,078","4,084","3,867","3,766","3,830","3,680","3,203","3,076","3,030","2,856","2,899","2,794","2,757","2,765","2,961","3,003","2,873","2,892","2,622","2,659","2,744","2,733","2,880","3,067","3,190","3,137","3,136","2,903","2,903","2,599","2,322","2,300","2,404","2,083","2,324","2,173","2,483","2,446","2,182","2,080","2,031","1,949","1,926","1,595","1,494","1,470","1,200","1,356","1,350","1,375","1,367","1,010","1,089","1,004","1,092","1,042","851","687","661","530","520","389","309","279","193","142","110","78","57","43","27","40"
"서울특별시 양천구 (1147000000)","421,247","419,620","1,590","1,451","1,687","1,780","2,182","2,348","2,771","3,114","3,625","3,932","4,361","4,567","4,841","4,835","4,906","4,564","4,561","4,830","4,198","3,825","3,884","3,888","3,899","4,082","4,661","5,027","5,078","5,325","5,247","5,467","5,356","5,495","5,462","5,500","5,000","4,793","4,722","4,709","4,998","5,482","5,677","6,322","6,945","7,579","7,614","7,869","7,138","7,001","6,906","6,876","7,103","7,461","7,373","7,482","7,572","7,118","7,300","6,519","6,211","6,224","6,260","5,792","6,653","6,013","7,067","6,695","6,140","5,792","5,558","5,257","5,460","4,367","4,196","3,943","3,086","3,363","3,168","3,009","2,868","1,834","2,070","1,774","1,886","1,680","1,315","1,153","1,012","830","700","574","430","383","280","208","140","101","82","55","31","62","204,885","204,025","788","733","852","947","1,095","1,239","1,463","1,564","1,861","1,976","2,238","2,352","2,505","2,511","2,556","2,375","2,345","2,541","2,122","2,005","2,011","1,984","1,934","1,958","2,289","2,428","2,482","2,606","2,634","2,785","2,712","2,832","2,707","2,765","2,518","2,397","2,291","2,244","2,397","2,670","2,656","3,043","3,237","3,694","3,615","3,828","3,406","3,335","3,436","3,434","3,474","3,743","3,659","3,785","3,726","3,497","3,549","3,242","3,011","3,048","3,019","2,747","3,270","2,932","3,330","3,158","2,857","2,662","2,546","2,384","2,520","2,081","1,938","1,848","1,488","1,602","1,454","1,367","1,321","818","896","754","832","700","513","405","364","288","218","175","108","89","74","38","22","22","21","17","8","9","216,362","215,595","802","718","835","833","1,087","1,109","1,308","1,550","1,764","1,956","2,123","2,215","2,336","2,324","2,350","2,189","2,216","2,289","2,076","1,820","1,873","1,904","1,965","2,124","2,372","2,599","2,596","2,719","2,613","2,682","2,644","2,663","2,755","2,735","2,482","2,396","2,431","2,465","2,601","2,812","3,021","3,279","3,708","3,885","3,999","4,041","3,732","3,666","3,470","3,442","3,629","3,718","3,714","3,697","3,846","3,621","3,751","3,277","3,200","3,176","3,241","3,045","3,383","3,081","3,737","3,537","3,283","3,130","3,012","2,873","2,940","2,286","2,258","2,095","1,598","1,761","1,714","1,642","1,547","1,016","1,174","1,020","1,054","980","802","748","648","542","482","399","322","294","206","170","118","79","61","38","23","53"
"서울특별시 강서구 (1150000000)","548,515","545,584","2,548","2,141","2,270","2,340","2,515","2,610","2,713","2,885","3,148","3,772","3,714","3,677","3,946","4,110","4,154","3,854","3,998","4,416","4,162","4,050","4,139","4,810","5,161","6,089","7,769","8,486","8,924","9,807","10,427","10,738","10,912","11,037","10,829","10,536","9,452","8,993","8,593","7,821","7,723","7,986","7,424","8,019","8,405","8,878","8,829","8,722","7,913","7,571","7,536","7,557","8,016","8,465","8,702","8,471","8,584","8,093","8,568","7,427","7,133","7,257","7,706","6,992","8,104","7,541","9,219","8,683","8,087","7,772","7,278","6,932","7,234","5,687","5,598","5,262","4,073","4,607","4,213","4,138","4,009","2,646","2,774","2,470","2,595","2,361","1,986","1,660","1,481","1,168","972","860","693","490","389","329","209","182","117","96","48","98","261,729","260,214","1,293","1,120","1,126","1,180","1,315","1,347","1,426","1,452","1,601","1,942","1,850","1,897","2,010","2,114","2,088","1,989","2,074","2,240","2,117","2,040","2,009","2,285","2,296","2,606","3,168","3,590","3,890","4,341","4,737","5,122","5,182","5,432","5,394","5,245","4,744","4,591","4,397","3,903","3,965","4,022","3,811","4,086","4,272","4,463","4,472","4,318","3,905","3,724","3,787","3,675","3,965","4,170","4,350","4,245","4,212","3,956","4,196","3,529","3,374","3,347","3,561","3,288","3,764","3,494","4,233","3,895","3,748","3,528","3,302","3,098","3,206","2,516","2,563","2,404","1,833","2,082","1,931","1,886","1,845","1,195","1,253","1,057","1,089","949","781","589","518","403","286","260","213","133","97","73","46","38","22","18","6","14","286,786","285,370","1,255","1,021","1,144","1,160","1,200","1,263","1,287","1,433","1,547","1,830","1,864","1,780","1,936","1,996","2,066","1,865","1,924","2,176","2,045","2,010","2,130","2,525","2,865","3,483","4,601","4,896","5,034","5,466","5,690","5,616","5,730","5,605","5,435","5,291","4,708","4,402","4,196","3,918","3,758","3,964","3,613","3,933","4,133","4,415","4,357","4,404","4,008","3,847","3,749","3,882","4,051","4,295","4,352","4,226","4,372","4,137","4,372","3,898","3,759","3,910","4,145","3,704","4,340","4,047","4,986","4,788","4,339","4,244","3,976","3,834","4,028","3,171","3,035","2,858","2,240","2,525","2,282","2,252","2,164","1,451","1,521","1,413","1,506","1,412","1,205","1,071","963","765","686","600","480","357","292","256","163","144","95","78","42","84"
"서울특별시 구로구 (1153000000)","382,633","380,405","2,004","1,731","1,703","1,705","1,740","1,748","1,993","2,070","2,143","2,421","2,473","2,476","2,662","2,647","2,806","2,661","2,744","3,005","2,809","2,882","2,907","3,224","3,572","4,009","5,038","5,492","5,575","6,153","6,197","6,628","6,665","6,692","6,776","6,822","6,146","5,943","5,706","5,311","5,226","5,116","4,990","5,277","5,565","5,781","5,900","5,723","5,352","5,202","5,200","5,245","5,520","6,056","6,353","6,195","6,431","6,187","6,313","5,660","5,559","5,541","5,760","5,324","5,945","5,620","6,552","6,364","5,785","5,631","5,294","5,172","5,263","4,380","4,188","3,921","3,256","3,734","3,406","3,272","3,149","2,152","2,297","2,100","2,180","2,079","1,503","1,258","1,180","918","740","609","501","316","251","199","129","111","75","42","33","45","186,738","185,613","1,005","894","890","906","924","914","1,040","1,062","1,067","1,271","1,227","1,301","1,308","1,301","1,462","1,353","1,339","1,508","1,423","1,487","1,479","1,544","1,649","1,878","2,355","2,550","2,610","2,858","3,015","3,274","3,368","3,402","3,437","3,500","3,095","3,059","2,975","2,754","2,696","2,669","2,575","2,742","2,868","2,965","3,027","2,859","2,718","2,598","2,632","2,590","2,859","3,014","3,239","3,088","3,219","3,083","2,992","2,750","2,812","2,739","2,835","2,551","2,904","2,714","3,132","2,863","2,676","2,607","2,453","2,359","2,373","1,958","1,835","1,812","1,490","1,695","1,589","1,515","1,408","970","1,018","951","914","895","628","498","474","345","261","213","166","87","68","38","36","30","14","7","5","8","195,895","194,792","999","837","813","799","816","834","953","1,008","1,076","1,150","1,246","1,175","1,354","1,346","1,344","1,308","1,405","1,497","1,386","1,395","1,428","1,680","1,923","2,131","2,683","2,942","2,965","3,295","3,182","3,354","3,297","3,290","3,339","3,322","3,051","2,884","2,731","2,557","2,530","2,447","2,415","2,535","2,697","2,816","2,873","2,864","2,634","2,604","2,568","2,655","2,661","3,042","3,114","3,107","3,212","3,104","3,321","2,910","2,747","2,802","2,925","2,773","3,041","2,906","3,420","3,501","3,109","3,024","2,841","2,813","2,890","2,422","2,353","2,109","1,766","2,039","1,817","1,757","1,741","1,182","1,279","1,149","1,266","1,184","875","760","706","573","479","396","335","229","183","161","93","81","61","35","28","37"
"서울특별시 금천구 (1154500000)","222,503","221,585","821","673","778","713","745","760","818","893","943","1,037","1,063","1,072","1,119","1,195","1,231","1,175","1,210","1,358","1,414","1,429","1,516","1,812","2,065","2,553","3,399","3,988","4,343","4,793","4,959","5,170","4,976","4,862","4,650","4,409","3,770","3,374","3,282","2,840","2,794","2,706","2,544","2,736","2,776","2,986","2,861","2,896","2,563","2,638","2,647","2,682","2,926","3,257","3,485","3,439","3,764","3,742","3,877","3,630","3,533","3,757","3,846","3,523","3,990","3,688","4,204","4,059","3,684","3,319","3,067","2,901","3,081","2,434","2,217","2,292","1,743","2,052","1,821","1,767","1,801","1,208","1,295","1,198","1,251","1,213","850","759","663","503","394","360","259","200","147","102","84","60","29","32","17","25","111,649","111,178","427","302","404","380","369","383","425","464","484","540","509","586","578","610","597","606","602","686","707","723","714","851","940","1,111","1,520","1,850","2,128","2,324","2,456","2,733","2,714","2,660","2,587","2,449","2,103","1,855","1,805","1,595","1,505","1,511","1,394","1,498","1,533","1,606","1,566","1,563","1,366","1,381","1,386","1,345","1,529","1,660","1,792","1,747","1,887","1,871","1,918","1,761","1,728","1,859","1,912","1,742","2,037","1,844","2,069","2,017","1,758","1,662","1,482","1,418","1,412","1,120","1,015","1,052","849","919","861","780","795","513","561","520","551","519","326","306","259","202","119","124","73","46","37","34","21","21","3","6","2","8","110,854","110,407","394","371","374","333","376","377","393","429","459","497","554","486","541","585","634","569","608","672","707","706","802","961","1,125","1,442","1,879","2,138","2,215","2,469","2,503","2,437","2,262","2,202","2,063","1,960","1,667","1,519","1,477","1,245","1,289","1,195","1,150","1,238","1,243","1,380","1,295","1,333","1,197","1,257","1,261","1,337","1,397","1,597","1,693","1,692","1,877","1,871","1,959","1,869","1,805","1,898","1,934","1,781","1,953","1,844","2,135","2,042","1,926","1,657","1,585","1,483","1,669","1,314","1,202","1,240","894","1,133","960","987","1,006","695","734","678","700","694","524","453","404","301","275","236","186","154","110","68","63","39","26","26","15","17"
"서울특별시 영등포구 (1156000000)","371,867","369,391","2,145","1,816","1,910","1,808","1,730","1,736","1,838","1,998","2,082","2,277","2,225","2,091","2,157","2,251","2,236","2,129","2,160","2,420","2,405","2,494","2,780","3,188","3,515","4,176","5,823","6,494","7,125","7,888","8,223","8,648","8,689","8,432","8,640","8,310","7,484","6,692","6,602","6,007","5,664","5,558","5,311","5,257","5,444","5,601","5,389","5,248","4,741","4,639","4,804","4,738","4,935","5,314","5,621","5,737","5,839","5,581","5,846","5,113","4,953","4,952","4,995","4,668","5,216","4,705","5,440","5,299","4,918","4,622","4,230","4,040","4,258","3,299","3,258","3,114","2,641","2,898","2,660","2,704","2,594","1,825","1,889","1,787","1,916","1,825","1,355","1,204","1,109","890","750","669","457","336","298","187","121","93","69","59","32","52","181,242","179,970","1,093","959","963","931","909","884","896","1,016","1,038","1,158","1,165","1,099","1,103","1,154","1,145","1,084","1,115","1,260","1,208","1,239","1,321","1,501","1,546","1,753","2,430","2,739","3,115","3,450","3,832","4,049","4,307","4,091","4,285","4,265","3,851","3,460","3,362","3,085","2,905","2,834","2,749","2,722","2,812","2,913","2,806","2,634","2,351","2,364","2,406","2,359","2,490","2,658","2,800","2,945","2,952","2,804","2,921","2,580","2,512","2,593","2,530","2,360","2,681","2,320","2,656","2,544","2,389","2,260","2,024","1,939","1,944","1,517","1,529","1,459","1,201","1,268","1,206","1,206","1,149","838","833","739","806","749","558","478","449","334","261","246","168","107","77","54","38","26","21","15","7","13","190,625","189,421","1,052","857","947","877","821","852","942","982","1,044","1,119","1,060","992","1,054","1,097","1,091","1,045","1,045","1,160","1,197","1,255","1,459","1,687","1,969","2,423","3,393","3,755","4,010","4,438","4,391","4,599","4,382","4,341","4,355","4,045","3,633","3,232","3,240","2,922","2,759","2,724","2,562","2,535","2,632","2,688","2,583","2,614","2,390","2,275","2,398","2,379","2,445","2,656","2,821","2,792","2,887","2,777","2,925","2,533","2,441","2,359","2,465","2,308","2,535","2,385","2,784","2,755","2,529","2,362","2,206","2,101","2,314","1,782","1,729","1,655","1,440","1,630","1,454","1,498","1,445","987","1,056","1,048","1,110","1,076","797","726","660","556","489","423","289","229","221","133","83","67","48","44","25","39"
"서울특별시 동작구 (1159000000)","371,999","369,934","1,649","1,532","1,526","1,512","1,521","1,650","1,763","1,901","2,076","2,263","2,384","2,200","2,342","2,343","2,533","2,341","2,425","2,829","3,283","3,468","3,869","4,643","5,135","5,803","6,829","7,213","7,202","7,506","7,372","7,437","7,166","7,062","6,859","6,770","6,003","5,593","5,284","5,119","4,931","4,813","4,770","4,900","5,231","5,433","5,416","5,409","4,893","4,755","4,893","5,072","5,193","5,856","5,805","6,064","6,093","5,868","6,130","5,235","5,046","4,834","5,061","4,696","5,207","4,818","5,524","5,496","4,904","4,890","4,279","4,287","4,383","3,493","3,446","3,393","2,722","3,046","2,943","2,934","2,982","2,010","2,183","1,928","2,093","1,988","1,499","1,315","1,167","899","811","665","483","386","273","186","147","119","90","51","41","50","179,484","178,390","833","790","810","772","788","881","910","955","1,027","1,147","1,200","1,123","1,221","1,211","1,286","1,217","1,239","1,484","1,642","1,561","1,772","2,127","2,429","2,746","3,220","3,431","3,522","3,617","3,590","3,745","3,672","3,641","3,516","3,458","3,058","2,856","2,746","2,582","2,517","2,426","2,486","2,477","2,622","2,767","2,811","2,690","2,448","2,260","2,429","2,442","2,523","2,916","2,799","2,967","2,943","2,924","2,995","2,479","2,443","2,300","2,437","2,261","2,483","2,258","2,515","2,514","2,231","2,241","1,948","1,928","1,958","1,575","1,552","1,439","1,145","1,305","1,231","1,238","1,252","807","915","855","933","896","640","528","443","346","272","242","154","109","83","51","34","27","20","16","8","11","192,515","191,544","816","742","716","740","733","769","853","946","1,049","1,116","1,184","1,077","1,121","1,132","1,247","1,124","1,186","1,345","1,641","1,907","2,097","2,516","2,706","3,057","3,609","3,782","3,680","3,889","3,782","3,692","3,494","3,421","3,343","3,312","2,945","2,737","2,538","2,537","2,414","2,387","2,284","2,423","2,609","2,666","2,605","2,719","2,445","2,495","2,464","2,630","2,670","2,940","3,006","3,097","3,150","2,944","3,135","2,756","2,603","2,534","2,624","2,435","2,724","2,560","3,009","2,982","2,673","2,649","2,331","2,359","2,425","1,918","1,894","1,954","1,577","1,741","1,712","1,696","1,730","1,203","1,268","1,073","1,160","1,092","859","787","724","553","539","423","329","277","190","135","113","92","70","35","33","39"
"서울특별시 관악구 (1162000000)","477,797","476,143","1,366","1,118","1,159","1,206","1,224","1,259","1,306","1,452","1,684","1,875","2,026","1,891","2,074","2,193","2,265","2,205","2,300","3,038","3,711","4,199","4,767","6,105","7,547","9,427","12,377","13,729","13,874","14,681","14,268","13,715","12,801","12,037","11,194","10,100","8,462","7,570","6,942","6,168","5,955","5,553","5,300","5,618","5,802","6,109","6,205","6,180","5,479","5,493","5,513","5,547","6,013","6,516","6,728","6,762","6,996","6,680","6,706","6,210","5,842","5,922","6,157","5,388","6,262","5,832","6,691","6,668","5,930","5,627","5,308","5,249","5,445","4,371","4,190","4,335","3,519","3,972","3,698","3,679","3,608","2,432","2,686","2,428","2,722","2,441","1,857","1,513","1,333","1,064","834","638","522","356","254","215","146","117","84","45","37","46","240,032","239,205","680","534","560","618","603","649","688","767","891","973","1,053","958","1,023","1,111","1,146","1,141","1,200","1,467","1,769","1,931","2,111","2,731","3,304","4,192","5,685","6,616","6,794","7,411","7,408","7,409","7,142","6,732","6,296","5,672","4,837","4,269","3,948","3,426","3,320","3,068","2,931","3,060","3,145","3,306","3,407","3,333","2,933","2,944","2,901","2,892","3,132","3,337","3,520","3,570","3,649","3,477","3,356","3,072","2,918","3,032","3,100","2,667","3,103","2,839","3,061","3,071","2,798","2,584","2,398","2,391","2,422","1,903","1,859","1,967","1,553","1,781","1,581","1,634","1,545","1,028","1,141","1,046","1,212","1,080","758","612","541","416","301","229","185","121","78","64","32","19","17","8","5","7","237,765","236,938","686","584","599","588","621","610","618","685","793","902","973","933","1,051","1,082","1,119","1,064","1,100","1,571","1,942","2,268","2,656","3,374","4,243","5,235","6,692","7,113","7,080","7,270","6,860","6,306","5,659","5,305","4,898","4,428","3,625","3,301","2,994","2,742","2,635","2,485","2,369","2,558","2,657","2,803","2,798","2,847","2,546","2,549","2,612","2,655","2,881","3,179","3,208","3,192","3,347","3,203","3,350","3,138","2,924","2,890","3,057","2,721","3,159","2,993","3,630","3,597","3,132","3,043","2,910","2,858","3,023","2,468","2,331","2,368","1,966","2,191","2,117","2,045","2,063","1,404","1,545","1,382","1,510","1,361","1,099","901","792","648","533","409","337","235","176","151","114","98","67","37","32","39"
"서울특별시 서초구 (1165000000)","414,383","412,264","2,125","1,923","2,134","2,389","2,583","2,820","3,133","3,306","3,524","4,176","4,383","4,507","4,848","4,716","4,815","4,644","4,512","4,617","4,438","4,070","4,121","4,180","4,085","4,242","4,838","5,192","5,318","5,542","5,678","5,915","5,865","5,807","5,777","6,028","5,548","5,429","5,655","5,419","5,869","5,866","5,984","6,729","7,094","7,737","7,948","7,904","7,184","7,185","7,138","7,092","7,212","7,570","7,550","7,375","7,486","7,007","6,593","5,731","5,169","5,042","5,141","4,704","5,015","4,706","5,091","5,025","4,823","4,724","4,514","4,207","4,441","3,695","3,552","3,233","2,661","3,036","2,871","2,904","2,717","2,024","1,959","1,780","1,834","1,668","1,265","1,118","955","797","697","558","448","349","260","209","152","106","93","67","33","65","196,662","195,582","1,117","971","1,095","1,241","1,290","1,492","1,661","1,700","1,822","2,058","2,207","2,323","2,465","2,412","2,431","2,309","2,308","2,265","2,176","2,014","2,029","2,023","1,914","1,935","2,225","2,377","2,473","2,601","2,694","2,798","2,827","2,820","2,735","2,836","2,586","2,525","2,540","2,423","2,548","2,644","2,660","3,081","3,289","3,614","3,717","3,600","3,302","3,340","3,350","3,350","3,474","3,635","3,665","3,642","3,724","3,567","3,275","2,819","2,572","2,495","2,485","2,241","2,413","2,186","2,346","2,262","2,211","2,229","1,975","1,932","2,018","1,644","1,537","1,428","1,225","1,359","1,278","1,297","1,245","912","933","837","874","769","578","504","393","348","264","224","153","113","88","65","37","27","28","18","8","17","217,721","216,682","1,008","952","1,039","1,148","1,293","1,328","1,472","1,606","1,702","2,118","2,176","2,184","2,383","2,304","2,384","2,335","2,204","2,352","2,262","2,056","2,092","2,157","2,171","2,307","2,613","2,815","2,845","2,941","2,984","3,117","3,038","2,987","3,042","3,192","2,962","2,904","3,115","2,996","3,321","3,222","3,324","3,648","3,805","4,123","4,231","4,304","3,882","3,845","3,788","3,742","3,738","3,935","3,885","3,733","3,762","3,440","3,318","2,912","2,597","2,547","2,656","2,463","2,602","2,520","2,745","2,763","2,612","2,495","2,539","2,275","2,423","2,051","2,015","1,805","1,436","1,677","1,593","1,607","1,472","1,112","1,026","943","960","899","687","614","562","449","433","334","295","236","172","144","115","79","65","49","25","48"
"서울특별시 강남구 (1168000000)","552,830","549,997","2,490","2,223","2,379","2,590","2,895","3,290","3,675","4,201","4,675","5,424","6,005","6,206","6,969","7,044","6,914","6,220","6,293","6,598","5,952","5,202","5,093","5,375","4,947","5,145","6,462","6,775","7,031","7,652","7,777","8,187","8,061","8,236","8,523","8,334","7,785","7,627","7,621","7,233","7,661","7,965","7,998","9,196","9,908","10,865","11,055","11,317","10,505","10,089","10,055","9,696","9,691","9,907","9,613","9,626","9,419","8,738","8,362","7,189","6,597","6,595","6,559","6,251","6,518","5,925","6,646","6,516","6,109","6,227","6,013","5,796","6,042","5,014","5,055","4,511","3,538","4,091","3,811","3,821","3,770","2,582","2,580","2,319","2,147","2,021","1,676","1,299","1,204","1,029","820","688","574","419","323","268","175","157","116","78","61","92","263,818","262,336","1,259","1,133","1,227","1,317","1,469","1,692","1,957","2,200","2,391","2,706","3,142","3,303","3,663","3,717","3,632","3,248","3,282","3,384","3,020","2,608","2,549","2,662","2,373","2,377","2,888","3,082","3,186","3,470","3,520","3,858","3,846","3,987","4,129","3,860","3,751","3,543","3,497","3,253","3,505","3,547","3,564","4,110","4,372","4,862","4,954","5,199","4,879","4,772","4,803","4,765","4,726","4,984","4,755","4,850","4,798","4,457","4,246","3,573","3,246","3,299","3,236","3,007","3,191","2,859","3,033","2,979","2,747","2,775","2,709","2,538","2,649","2,250","2,236","2,008","1,603","1,775","1,755","1,771","1,709","1,226","1,245","1,073","1,040","964","771","592","540","427","303","256","183","127","82","71","53","38","26","11","12","19","289,012","287,661","1,231","1,090","1,152","1,273","1,426","1,598","1,718","2,001","2,284","2,718","2,863","2,903","3,306","3,327","3,282","2,972","3,011","3,214","2,932","2,594","2,544","2,713","2,574","2,768","3,574","3,693","3,845","4,182","4,257","4,329","4,215","4,249","4,394","4,474","4,034","4,084","4,124","3,980","4,156","4,418","4,434","5,086","5,536","6,003","6,101","6,118","5,626","5,317","5,252","4,931","4,965","4,923","4,858","4,776","4,621","4,281","4,116","3,616","3,351","3,296","3,323","3,244","3,327","3,066","3,613","3,537","3,362","3,452","3,304","3,258","3,393","2,764","2,819","2,503","1,935","2,316","2,056","2,050","2,061","1,356","1,335","1,246","1,107","1,057","905","707","664","602","517","432","391","292","241","197","122","119","90","67","49","73"
"서울특별시 송파구 (1171000000)","650,258","646,408","3,399","2,975","3,238","3,483","3,957","4,129","4,481","4,726","5,260","5,844","5,824","5,594","6,015","6,043","6,035","5,588","5,492","5,935","5,480","5,154","5,389","5,746","5,772","6,448","8,066","8,702","8,995","10,077","10,571","11,143","11,109","11,434","11,398","11,335","10,571","10,258","10,064","9,787","9,729","10,047","9,758","10,366","11,241","11,668","11,592","11,229","10,293","9,485","9,502","9,245","9,708","10,214","10,245","10,350","10,815","10,034","10,280","9,346","8,520","8,855","8,872","8,295","9,325","8,550","9,903","9,490","8,673","8,534","7,954","7,616","8,002","6,255","5,994","5,591","4,404","4,801","4,370","4,298","4,258","2,810","2,771","2,577","2,583","2,339","1,787","1,522","1,304","1,121","946","819","666","520","398","293","205","151","139","87","58","88","311,081","309,107","1,723","1,490","1,624","1,799","2,034","2,054","2,348","2,414","2,762","3,003","3,005","2,800","3,000","3,107","3,101","2,783","2,720","3,013","2,741","2,620","2,736","2,835","2,738","2,999","3,641","3,916","4,042","4,556","4,762","5,179","5,335","5,527","5,591","5,399","5,051","4,940","4,842","4,668","4,634","4,769","4,599","4,988","5,391","5,665","5,627","5,320","4,967","4,622","4,580","4,533","4,865","4,959","4,883","4,995","5,192","4,916","4,979","4,439","4,086","4,351","4,225","3,902","4,489","4,041","4,475","4,334","4,069","3,946","3,589","3,520","3,647","2,860","2,821","2,690","2,068","2,309","2,047","2,077","2,031","1,291","1,337","1,220","1,164","1,068","762","626","507","426","337","275","208","157","102","66","51","29","31","19","13","20","339,177","337,301","1,676","1,485","1,614","1,684","1,923","2,075","2,133","2,312","2,498","2,841","2,819","2,794","3,015","2,936","2,934","2,805","2,772","2,922","2,739","2,534","2,653","2,911","3,034","3,449","4,425","4,786","4,953","5,521","5,809","5,964","5,774","5,907","5,807","5,936","5,520","5,318","5,222","5,119","5,095","5,278","5,159","5,378","5,850","6,003","5,965","5,909","5,326","4,863","4,922","4,712","4,843","5,255","5,362","5,355","5,623","5,118","5,301","4,907","4,434","4,504","4,647","4,393","4,836","4,509","5,428","5,156","4,604","4,588","4,365","4,096","4,355","3,395","3,173","2,901","2,336","2,492","2,323","2,221","2,227","1,519","1,434","1,357","1,419","1,271","1,025","896","797","695","609","544","458","363","296","227","154","122","108","68","45","68"
"서울특별시 강동구 (1174000000)","499,011","495,977","2,831","2,555","2,667","2,962","3,108","3,290","3,536","3,615","3,955","4,468","4,596","4,487","4,619","4,472","4,399","4,394","4,212","4,317","4,052","3,854","3,888","4,156","4,263","4,727","5,893","6,275","6,631","7,054","7,440","7,853","7,983","7,934","8,172","8,381","7,461","7,537","7,450","7,152","7,293","7,442","7,486","7,973","8,363","9,121","9,131","8,883","8,029","7,486","7,341","7,130","7,286","7,742","7,852","7,844","7,953","7,471","7,931","7,187","6,762","6,795","7,059","6,529","7,513","6,923","8,331","8,069","7,286","6,786","6,613","6,234","6,539","5,225","4,984","4,592","3,531","3,916","3,544","3,549","3,326","2,177","2,299","2,020","2,136","1,883","1,434","1,200","1,013","831","679","612","514","356","300","242","156","150","99","58","49","80","242,958","241,441","1,464","1,298","1,352","1,532","1,655","1,684","1,920","1,886","2,098","2,351","2,365","2,374","2,508","2,330","2,394","2,305","2,199","2,333","2,155","2,002","1,964","2,138","1,996","2,230","2,712","2,865","3,007","3,152","3,499","3,658","3,929","3,886","3,994","4,185","3,690","3,735","3,775","3,516","3,502","3,700","3,716","3,975","4,046","4,445","4,585","4,359","3,964","3,744","3,717","3,667","3,691","3,847","3,876","3,863","3,981","3,618","3,845","3,474","3,276","3,412","3,330","3,079","3,597","3,254","3,879","3,660","3,359","3,219","2,993","2,794","2,962","2,420","2,320","2,147","1,712","1,807","1,694","1,680","1,553","1,064","1,073","919","935","839","630","496","389","305","236","184","133","99","78","52","28","29","23","8","9","14","256,053","254,536","1,367","1,257","1,315","1,430","1,453","1,606","1,616","1,729","1,857","2,117","2,231","2,113","2,111","2,142","2,005","2,089","2,013","1,984","1,897","1,852","1,924","2,018","2,267","2,497","3,181","3,410","3,624","3,902","3,941","4,195","4,054","4,048","4,178","4,196","3,771","3,802","3,675","3,636","3,791","3,742","3,770","3,998","4,317","4,676","4,546","4,524","4,065","3,742","3,624","3,463","3,595","3,895","3,976","3,981","3,972","3,853","4,086","3,713","3,486","3,383","3,729","3,450","3,916","3,669","4,452","4,409","3,927","3,567","3,620","3,440","3,577","2,805","2,664","2,445","1,819","2,109","1,850","1,869","1,773","1,113","1,226","1,101","1,201","1,044","804","704","624","526","443","428","381","257","222","190","128","121","76","50","40","66"
